{"telos": {"USDM": {"apy_base": 8.596068096180943, "apy_base_borrow": 22.392203985267646, "apy_reward": 17.96660512387594, "apy_reward_borrow": 24.065460589527436, "total_borrow_usd": 12642.307180384922, "total_supply_usd": 25400.70305706862, "tvl_usd": 12758.395876683697, "total_deposit_yield": 26.562673220056883, "total_borrow_yield": 1.673256604259791}, "USDC": {"apy_base": 11.340737361474918, "apy_base_borrow": 43.23877658618505, "apy_reward": 16.88293892451808, "apy_reward_borrow": 32.956610877861145, "total_borrow_usd": 9231.621586, "total_supply_usd": 27031.099629, "tvl_usd": 17799.478043000003, "total_deposit_yield": 28.223676285992997, "total_borrow_yield": -10.282165708323902}, "USDT": {"apy_base": 4.928999539138679, "apy_base_borrow": 12.115558085203816, "apy_reward": 12.28020296657854, "apy_reward_borrow": 20.081268415809543, "total_borrow_usd": 15150.58358530385, "total_supply_usd": 37162.61010281952, "tvl_usd": 22012.026517515667, "total_deposit_yield": 17.20920250571722, "total_borrow_yield": 7.965710330605727}, "WETH": {"apy_base": 2.2362711449841255, "apy_base_borrow": 7.818231767628658, "apy_reward": 6.5541538245988935, "apy_reward_borrow": 10.410453244889338, "total_borrow_usd": 29224.75365526495, "total_supply_usd": 69629.7955983658, "tvl_usd": 40405.04194310085, "total_deposit_yield": 8.790424969583018, "total_borrow_yield": 2.5922214772606793}, "STLOS": {"apy_base": 0.6231577135741295, "apy_base_borrow": 4.340317666558802, "apy_reward": 1.690130861696653, "apy_reward_borrow": 5.394540550895072, "total_borrow_usd": 56398.30234291436, "total_supply_usd": 270017.1919396432, "tvl_usd": 213618.8895967288, "total_deposit_yield": 2.3132885752707826, "total_borrow_yield": 1.0542228843362702}, "WTLOS": {"apy_base": 1.6339962738616043, "apy_base_borrow": 6.739104079709857, "apy_reward": 3.612512696371528, "apy_reward_borrow": 6.783755845674253, "total_borrow_usd": 44848.744215791994, "total_supply_usd": 126328.79903825858, "tvl_usd": 81480.0548224666, "total_deposit_yield": 5.2465089702331325, "total_borrow_yield": 0.044651765964395906}, "WBTC": {"apy_base": 0.41677075200010627, "apy_base_borrow": 3.6456773273117804, "apy_reward": 13.950407228650045, "apy_reward_borrow": 56.039294884830646, "total_borrow_usd": 6264.345944896825, "total_supply_usd": 37746.15936791941, "tvl_usd": 31481.813423022588, "total_deposit_yield": 14.367177980650151, "total_borrow_yield": 52.393617557518866}}, "meter": {"WETH": {"apy_base": 2.5212863443849765, "apy_base_borrow": 8.279668726475897, "apy_reward": 14.35135246921526, "apy_reward_borrow": 21.388884339151314, "total_borrow_usd": 19515.46448227168, "total_supply_usd": 43628.013964170816, "tvl_usd": 24112.549481899136, "total_deposit_yield": 16.872638813600236, "total_borrow_yield": 13.109215612675417}, "MTRG": {"apy_base": 0.6157840400802916, "apy_base_borrow": 4.317594558517768, "apy_reward": 4.412780027708385, "apy_reward_borrow": 14.179985515824868, "total_borrow_usd": 29436.842953641506, "total_supply_usd": 141888.10625753485, "tvl_usd": 112451.26330389334, "total_deposit_yield": 5.028564067788676, "total_borrow_yield": 9.862390957307099}, "WSTMTRG": {"apy_base": 1.5307943576457816, "apy_base_borrow": 6.536037939685646, "apy_reward": 7.597559757523259, "apy_reward_borrow": 14.776558828286039, "total_borrow_usd": 28248.390851324413, "total_supply_usd": 82410.8034161252, "tvl_usd": 54162.41256480079, "total_deposit_yield": 9.12835411516904, "total_borrow_yield": 8.240520888600393}, "USDC": {"apy_base": 2.7672696735429048, "apy_base_borrow": 5.067815211283921, "apy_reward": 17.265029503853444, "apy_reward_borrow": 14.59096382347263, "total_borrow_usd": 28607.706310534897, "total_supply_usd": 36265.27289564385, "tvl_usd": 7657.566585108954, "total_deposit_yield": 20.03229917739635, "total_borrow_yield": 9.52314861218871}, "USDT": {"apy_base": 2.365397512987366, "apy_base_borrow": 4.7249133590980374, "apy_reward": 13.13361371740309, "apy_reward_borrow": 12.103104552158985, "total_borrow_usd": 34488.17660984851, "total_supply_usd": 47673.170465801006, "tvl_usd": 13184.993855952496, "total_deposit_yield": 15.499011230390456, "total_borrow_yield": 7.378191193060948}}, "fuse": {"WETH": {"apy_base": 2.0506418196976517, "apy_base_borrow": 7.5023753207216215, "apy_reward": 16.38022515997855, "apy_reward_borrow": 27.24384355385203, "total_borrow_usd": 7974.1104361810285, "total_supply_usd": 19893.994854593522, "tvl_usd": 11919.884418412494, "total_deposit_yield": 18.430866979676203, "total_borrow_yield": 19.74146823313041}, "FUSE": {"apy_base": 2.5492362334320395, "apy_base_borrow": 8.323539340047903, "apy_reward": 19.180551696819684, "apy_reward_borrow": 28.421976397082847, "total_borrow_usd": 7645.375347940056, "total_supply_usd": 16993.515637873028, "tvl_usd": 9348.140289932973, "total_deposit_yield": 21.729787930251725, "total_borrow_yield": 20.098437057034943}, "SFUSE": {"apy_base": 0.8714188196122796, "apy_base_borrow": 5.042075951402025, "apy_reward": 12.470971634971635, "apy_reward_borrow": 32.99653673285496, "total_borrow_usd": 6585.438805451289, "total_supply_usd": 26136.295657951785, "tvl_usd": 19550.856852500496, "total_deposit_yield": 13.342390454583914, "total_borrow_yield": 27.954460781452937}, "USDC": {"apy_base": 1.4456320446155857, "apy_base_borrow": 3.811358990875169, "apy_reward": 18.56868511772931, "apy_reward_borrow": 22.583437540728273, "total_borrow_usd": 9622.237059, "total_supply_usd": 17554.004433, "tvl_usd": 7931.767373999999, "total_deposit_yield": 20.014317162344895, "total_borrow_yield": 18.772078549853106}, "USDT": {"apy_base": 1.3898430593813682, "apy_base_borrow": 3.747849145468174, "apy_reward": 18.771984308576194, "apy_reward_borrow": 23.35241812563583, "total_borrow_usd": 9305.103621555, "total_supply_usd": 17363.3749518418, "tvl_usd": 8058.2713302868015, "total_deposit_yield": 20.161827367957564, "total_borrow_yield": 19.604568980167656}, "USDM": {"apy_base": 2.3155163487581065, "apy_base_borrow": 4.680416336774651, "apy_reward": 14.1514480857866, "apy_reward_borrow": 13.196574957187662, "total_borrow_usd": 16466.14144379361, "total_supply_usd": 23032.625381522652, "tvl_usd": 6566.483937729041, "total_deposit_yield": 16.466964434544707, "total_borrow_yield": 8.516158620413012}}}